[
    {
        "id": "1",
        "nome": "Parceiro Mário Alencar",
        "descricao": "Lorem ipsum dolor sit amet, consectetur adipisicing elit. Nemo, quaerat eveniet enim distinctio.",
        "valor_max": "20",
        "valor_min": "10"
    },{
        "id": "2",
        "nome": "Parceiro Empresa QWE",
        "descricao": "Lorem ipsum dolor sit amet, consectetur adipisicing elit. Nemo, quaerat eveniet enim distinctio.",
        "valor_max": "20",
        "valor_min": "10"
    },{
        "id": "3",
        "nome": "Parceiro Empresa RSSD",
        "descricao": "Lorem ipsum dolor sit amet, consectetur adipisicing elit. Nemo, quaerat eveniet enim distinctio.",
        "valor_max": "20",
        "valor_min": "10"
    },{
        "id": "4",
        "nome": "Parceiro Empresa IJS",
        "descricao": "Lorem ipsum dolor sit amet, consectetur adipisicing elit. Nemo, quaerat eveniet enim distinctio.",
        "valor_max": "20",
        "valor_min": "10"
    },{
        "id": "5",
        "nome": "Parceiro Empresa SFV",
        "descricao": "Lorem ipsum dolor sit amet, consectetur adipisicing elit. Nemo, quaerat eveniet enim distinctio.",
        "valor_max": "20",
        "valor_min": "10"
    },{
        "id": "6",
        "nome": "Parceiro Empresa KMD",
        "descricao": "Lorem ipsum dolor sit amet, consectetur adipisicing elit. Nemo, quaerat eveniet enim distinctio.",
        "valor_max": "20",
        "valor_min": "10"
    },{
        "id": "7",
        "nome": "Parceiro Empresa LLW",
        "descricao": "Lorem ipsum dolor sit amet, consectetur adipisicing elit. Nemo, quaerat eveniet enim distinctio.",
        "valor_max": "20",
        "valor_min": "10"
    },{
        "id": "8",
        "nome": "Parceiro Empresa LKI",
        "descricao": "Lorem ipsum dolor sit amet, consectetur adipisicing elit. Nemo, quaerat eveniet enim distinctio.",
        "valor_max": "20",
        "valor_min": "10"
    },{
        "id": "9",
        "nome": "Parceiro Empresa KMK",
        "descricao": "Lorem ipsum dolor sit amet, consectetur adipisicing elit. Nemo, quaerat eveniet enim distinctio.",
        "valor_max": "20",
        "valor_min": "10"
    },{
        "id": "10",
        "nome": "Parceiro Empresa OII",
        "descricao": "Lorem ipsum dolor sit amet, consectetur adipisicing elit. Nemo, quaerat eveniet enim distinctio.",
        "valor_max": "20",
        "valor_min": "10"
    }
]